sample_id,date,country,geoloc_cat,geoloc_conf,MA,conf
MA_DPH_00002,3/3/20,USA,Europe,0.532332526,NO,0.926163911
MA_MGH_00438,3/4/20,USA,Massachusetts,0.999946205,YES,0.99990221
USA/MA_9889/2020,3/4/20,USA,Massachusetts,0.999946205,YES,0.99990221
USA/MA_9704/2020,3/4/20,USA,Massachusetts,0.999449444,YES,0.996804524
MA_MGH_00440,3/4/20,USA,Massachusetts,0.998029158,YES,0.989575176
MA_DPH_00003,3/5/20,USA,Europe,0.975884805,NO,0.963928885
USA/MA_1355/2020,3/5/20,USA,Asia,0.975401297,NO,0.963935413
USA/MA_8933/2020,3/5/20,USA,Massachusetts,0.982383209,YES,0.97355573
USA/MA_0020/2020,3/5/20,USA,Massachusetts,0.99993436,YES,0.999950478
USA/MA_9703/2020,3/5/20,USA,Massachusetts,0.99993436,YES,0.999950478
MA_MGH_00441,3/5/20,USA,Massachusetts,0.975160097,YES,0.97355573
MA_MGH_00442,3/5/20,USA,Massachusetts,0.999933888,YES,0.999955552
USA/MA_8932/2020,3/5/20,USA,Massachusetts,0.999310862,YES,0.999269613
USA/MA_2652/2020,3/6/20,USA,Europe,0.999724794,NO,1
USA/MA_3653/2020,3/6/20,USA,Europe,0.999724794,NO,1
MA_MGH_00428,3/6/20,USA,Massachusetts,0.968577779,YES,0.973653384
USA/MA_3672/2020,3/6/20,USA,Massachusetts,0.999951635,YES,0.99997436
USA/MA_3616/2020,3/6/20,USA,Massachusetts,0.999951635,YES,0.99997436
USA/MA_3626/2020,3/6/20,USA,Massachusetts,0.999951635,YES,0.99997436
USA/MA_3623/2020,3/6/20,USA,Massachusetts,0.999951635,YES,0.99997436
USA/MA_3699/2020,3/6/20,USA,Massachusetts,0.999943302,YES,0.999950478
USA/MA_3878/2020,3/6/20,USA,Massachusetts,0.999943302,YES,0.999950478
USA/MA_3614/2020,3/6/20,USA,Massachusetts,0.999602394,YES,0.999312525
MA_MGH_00433,3/7/20,USA,North America,0.469179055,NO,0.963930387
MA_MGH_00426,3/7/20,USA,Europe,0.999724794,NO,1
MA_MGH_00417,3/7/20,USA,Europe,0.999724794,NO,1
MA_MGH_00416,3/7/20,USA,Europe,0.999724794,NO,1
MA_MGH_00434,3/7/20,USA,Massachusetts,0.999921228,YES,0.999953129
MA_MGH_00421,3/7/20,USA,Massachusetts,0.999921228,YES,0.999953129
MA_MGH_00415,3/7/20,USA,Massachusetts,0.999951646,YES,0.999972781
MA_MGH_00432,3/7/20,USA,Massachusetts,0.999951646,YES,0.999972781
MA_MGH_00427,3/7/20,USA,Massachusetts,0.999951646,YES,0.999972781
MA_MGH_00439,3/7/20,USA,Massachusetts,0.999951646,YES,0.999972781
MA_MGH_00422,3/7/20,USA,Massachusetts,0.999939601,YES,0.999893772
MA_MGH_00418,3/7/20,USA,Massachusetts,0.999939601,YES,0.999893772
MA_MGH_00419,3/7/20,USA,Massachusetts,0.999904271,YES,0.99970938
MA_MGH_00430,3/7/20,USA,Massachusetts,0.999904271,YES,0.99970938
MA_MGH_00424,3/7/20,USA,Massachusetts,1,YES,1
MA_MGH_00437,3/7/20,USA,Massachusetts,0.999953128,YES,0.999975275
MA_MGH_00443,3/7/20,USA,Massachusetts,0.999953128,YES,0.999975275
MA_MGH_00425,3/7/20,USA,Massachusetts,0.999309536,YES,0.999259305
USA/MA_4811/2020,3/7/20,USA,Massachusetts,0.999311497,YES,0.999270685
MA_MGH_00420,3/7/20,USA,Massachusetts,0.999941731,YES,0.999955686
USA/MA_3642/2020,3/7/20,USA,Massachusetts,0.982633833,YES,0.974718525
MA_MGH_00431,3/7/20,USA,Massachusetts,0.999310569,YES,0.999269191
MA_MGH_00444,3/8/20,USA,Europe,0.999724794,NO,1
MA_MGH_00435,3/8/20,USA,Massachusetts,0.856834681,NO,0.638349672
MA_MGH_00003,3/9/20,USA,Europe,0.999724794,NO,1
MA_DPH_00011,3/10/20,USA,North America,1,NO,1
MA_MGH_00005,3/11/20,USA,Massachusetts,0.873064148,NO,0.910378177
MA_MGH_00510,3/11/20,USA,Massachusetts,0.99995133,YES,0.999974142
MA_MGH_00006,3/11/20,Denmark,Europe,0.975900066,NO,0.963933785
MA_MGH_00517,3/14/20,USA,North America,0.523153959,NO,0.963927967
MA_MGH_00516,3/14/20,USA,Massachusetts,0.999950374,YES,0.999973934
MA_MGH_00521,3/16/20,USA,Europe,0.973849256,NO,0.963886538
MA_MGH_00528,3/18/20,United Kingdom,Europe,0.934037114,NO,0.96263261
MA_MGH_00530,3/18/20,USA,Massachusetts,0.401160489,NO,0.96393379
MA_MGH_00525,3/18/20,USA,Massachusetts,0.999305714,YES,0.999284512
MA_MGH_00533,3/18/20,USA,Massachusetts,0.920933136,NO,0.953519048
MA_MGH_00523,3/18/20,USA,Massachusetts,0.988102833,YES,0.974501882
MA_MGH_00532,3/18/20,USA,Massachusetts,0.9999999,YES,0.999981433
MA_MGH_00539,3/19/20,USA,Asia,0.657288817,NO,0.963933693
MA_MGH_00537,3/19/20,USA,Massachusetts,0.999391159,YES,0.998816186
MA_MGH_00542,3/19/20,USA,Massachusetts,0.99995133,YES,0.999974142
MA_MGH_00538,3/19/20,USA,Massachusetts,0.982394185,YES,0.97378273
MA_MGH_00541,3/19/20,USA,Massachusetts,0.999941835,YES,0.999955005
MA_MGH_00554,3/20/20,USA,Massachusetts,0.502025851,YES,0.612286087
MA_MGH_00551,3/20/20,USA,North America,0.999999934,NO,0.999999937
MA_MGH_00684,3/20/20,USA,Massachusetts,0.968920775,NO,0.950891374
MA_MGH_00576,3/20/20,USA,Massachusetts,0.999391159,YES,0.998816186
MA_MGH_00552,3/20/20,USA,Massachusetts,0.999950332,YES,0.999973912
MA_MGH_00676,3/21/20,USA,North America,0.575950686,NO,0.917437484
MA_MGH_00683,3/21/20,USA,Massachusetts,0.999943596,YES,0.99995661
MA_MGH_00564,3/21/20,USA,Massachusetts,0.993261736,YES,0.976896822
MA_MGH_00569,3/22/20,USA,Europe,0.966050209,NO,0.963930484
MA_MGH_00679,3/22/20,USA,Europe,0.999999999,NO,1
MA_MGH_00562,3/22/20,USA,Massachusetts,1,YES,1
MA_MGH_00558,3/22/20,USA,Europe,0.999724794,NO,1
MA_MGH_00680,3/22/20,USA,Massachusetts,0.837640093,NO,0.954103559
MA_MGH_00134,3/22/20,USA,Massachusetts,0.999953085,YES,0.999975258
MA_MGH_00568,3/22/20,USA,Massachusetts,0.999951712,YES,0.999974592
MA_MGH_00557,3/22/20,USA,Massachusetts,0.999951712,YES,0.999974592
MA_MGH_00678,3/22/20,USA,Massachusetts,0.993261736,YES,0.976896822
MA_MGH_00565,3/22/20,USA,Eastern USA,0.561087726,NO,0.960320922
MA_MGH_00681,3/22/20,USA,Massachusetts,0.999460118,YES,0.99931665
MA_MGH_00570,3/22/20,USA,Massachusetts,0.999460118,YES,0.99931665
MA_MGH_00567,3/22/20,USA,Massachusetts,0.999961278,YES,0.999987138
MA_MGH_00049,3/23/20,USA,North America,1,NO,1
MA_MGH_00071,3/23/20,USA,Massachusetts,0.976594018,YES,0.976583229
MA_MGH_00048,3/23/20,USA,Europe,0.970180271,NO,0.962634372
MA_MGH_00059,3/23/20,USA,Massachusetts,0.97571782,YES,0.974770002
MA_MGH_00024,3/23/20,USA,Massachusetts,0.999356202,YES,0.99933176
MA_MGH_00571,3/23/20,USA,Massachusetts,0.999951756,YES,0.999974611
MA_MGH_00013,3/23/20,USA,Massachusetts,0.780015618,NO,0.94587539
MA_MGH_00014,3/23/20,USA,Massachusetts,1,YES,1
MA_MGH_00083,3/23/20,USA,Massachusetts,0.897169661,NO,0.872121619
MA_MGH_00084,3/23/20,USA,Massachusetts,0.93068126,YES,0.576631108
MA_MGH_00051,3/24/20,USA,Europe,0.63331117,NO,0.963978935
MA_MGH_00063,3/24/20,USA,Massachusetts,0.976594018,YES,0.976583229
MA_MGH_00023,3/24/20,USA,North America,0.412669922,NO,0.963931397
MA_MGH_00050,3/24/20,USA,Massachusetts,0.999950341,YES,0.999973928
MA_MGH_00086,3/24/20,USA,Massachusetts,0.999320908,YES,0.999297884
MA_MGH_00085,3/24/20,USA,Massachusetts,0.957904158,NO,0.89471028
MA_MGH_00037,3/24/20,USA,Massachusetts,0.999951715,YES,0.999974593
MA_MGH_00039,3/24/20,USA,Massachusetts,0.999951715,YES,0.999974593
MA_MGH_00097,3/24/20,USA,Massachusetts,0.999951715,YES,0.999974593
MA_MGH_00094,3/24/20,USA,Massachusetts,0.999460118,YES,0.99931665
MA_MGH_00069,3/25/20,USA,North America,0.578133205,NO,0.963931388
MA_MGH_00018,3/25/20,USA,North America,1,NO,1
MA_MGH_00090,3/25/20,USA,Massachusetts,0.971464678,YES,0.975505941
MA_MGH_00132,3/25/20,USA,Massachusetts,0.971464678,YES,0.975505941
MA_MGH_00075,3/25/20,USA,North America,0.593500855,NO,0.999950462
MA_MGH_00080,3/25/20,USA,Massachusetts,0.999950382,YES,0.999973945
MA_MGH_00076,3/25/20,USA,Massachusetts,0.999923183,YES,0.999955394
MA_MGH_00089,3/25/20,USA,Asia,0.778642617,NO,0.963933778
MA_MGH_00225,3/25/20,USA,Europe,0.999999987,NO,1
MA_MGH_00062,3/25/20,USA,Massachusetts,0.999950259,YES,0.999973892
MA_MGH_00067,3/25/20,USA,Massachusetts,0.999950255,YES,0.999973891
MA_MGH_00016,3/25/20,USA,Massachusetts,0.999950254,YES,0.99997389
MA_MGH_00028,3/25/20,USA,Massachusetts,0.999950254,YES,0.99997389
MA_MGH_00056,3/25/20,USA,Massachusetts,0.999951756,YES,0.999974611
MA_MGH_00136,3/25/20,USA,Massachusetts,0.999945734,YES,0.999958228
MA_MGH_00064,3/25/20,USA,Massachusetts,1,YES,1
MA_MGH_00096,3/25/20,USA,Massachusetts,0.999951715,YES,0.999974593
MA_MGH_00054,3/25/20,USA,Massachusetts,0.999951709,YES,0.999974583
MA_MGH_00052,3/25/20,USA,Massachusetts,0.999951709,YES,0.999974583
MA_MGH_00036,3/25/20,USA,North America,0.903313444,NO,0.963978738
MA_MGH_00017,3/25/20,USA,North America,0.526466879,NO,0.920068358
MA_MGH_00042,3/25/20,USA,Massachusetts,0.504056533,NO,0.920068358
MA_MGH_00065,3/25/20,USA,Massachusetts,0.999950545,YES,0.999974275
MA_MGH_00032,3/25/20,USA,North America,0.961036483,NO,0.963933913
MA_MGH_00100,3/25/20,USA,North America,0.958421493,NO,0.963931387
MA_MGH_00044,3/25/20,USA,Massachusetts,0.999362801,YES,0.999345877
MA_MGH_00031,3/25/20,USA,Massachusetts,0.999362801,YES,0.999345877
MA_MGH_00055,3/25/20,USA,Massachusetts,0.999362801,YES,0.999345877
MA_MGH_00209,3/26/20,United Kingdom,Europe,0.975823485,NO,0.963933824
MA_MGH_00153,3/26/20,New Zealand,Oceania,0.931681406,NO,0.963980553
MA_MGH_00165,3/26/20,USA,Massachusetts,0.999999984,YES,0.999999988
MA_MGH_00168,3/26/20,USA,Massachusetts,0.999950361,YES,0.999973934
MA_MGH_00091,3/26/20,USA,Europe,0.999999997,NO,1
MA_MGH_00189,3/26/20,USA,Massachusetts,0.999356202,YES,0.99933176
MA_MGH_00159,3/26/20,USA,Massachusetts,1,YES,1
MA_MGH_00156,3/26/20,USA,Massachusetts,0.999950254,YES,0.99997389
MA_MGH_00181,3/26/20,USA,Massachusetts,0.999949925,YES,0.999973457
MA_MGH_00160,3/26/20,USA,Massachusetts,0.715214803,NO,0.960702996
MA_MGH_00179,3/26/20,USA,Massachusetts,0.999360879,YES,0.999328797
MA_MGH_00182,3/26/20,USA,Massachusetts,0.998026984,YES,0.989838066
MA_MGH_00149,3/26/20,USA,Massachusetts,0.998026984,YES,0.989838066
MA_MGH_00161,3/26/20,USA,Massachusetts,0.999905066,YES,0.999722268
MA_MGH_00187,3/26/20,USA,Massachusetts,1,YES,1
MA_MGH_00166,3/26/20,USA,Massachusetts,0.999951712,YES,0.999974592
MA_MGH_00157,3/26/20,USA,Massachusetts,0.999951715,YES,0.999974593
MA_MGH_00195,3/26/20,USA,Massachusetts,0.999950341,YES,0.999973928
MA_MGH_00164,3/26/20,USA,Europe,1,NO,1
MA_MGH_00177,3/26/20,USA,Massachusetts,0.975833952,YES,0.974469323
MA_MGH_00152,3/26/20,USA,Massachusetts,0.988102833,YES,0.974501882
MA_MGH_00148,3/26/20,USA,Massachusetts,0.999951755,YES,0.999974598
MA_MGH_00140,3/26/20,USA,Massachusetts,0.999951755,YES,0.999974598
MA_MGH_00151,3/26/20,USA,Northeastern USA,0.902059037,NO,0.964023939
MA_MGH_00162,3/26/20,USA,North America,0.795912494,NO,0.917876025
MA_MGH_00155,3/26/20,USA,North America,0.795912494,NO,0.917876025
MA_MGH_00192,3/26/20,USA,Massachusetts,0.988652343,NO,0.521586905
MA_MGH_00021,3/26/20,USA,Massachusetts,0.986125406,NO,0.521586905
MA_MGH_00178,3/26/20,USA,Massachusetts,0.999815239,YES,0.991752081
MA_MGH_00194,3/26/20,USA,Massachusetts,0.969858817,YES,0.974469368
MA_MGH_00190,3/26/20,USA,Massachusetts,0.9147144,YES,0.576633209
MA_MGH_00150,3/26/20,USA,Massachusetts,0.504266945,YES,0.575097083
MA_MGH_00205,3/27/20,Czech Republic,Europe,0.975831842,NO,0.963933785
MA_MGH_00210,3/27/20,USA,Europe,0.999999987,NO,1
MA_MGH_00188,3/27/20,USA,Massachusetts,1,YES,1
MA_MGH_00200,3/27/20,USA,Massachusetts,0.999950304,YES,0.999973457
MA_MGH_00485,3/27/20,USA,Massachusetts,0.999951755,YES,0.99997461
MA_MGH_00495,3/27/20,USA,Europe,0.999724794,NO,1
MA_MGH_00199,3/27/20,USA,Europe,0.999724794,NO,1
MA_MGH_00497,3/27/20,USA,Massachusetts,0.999951347,YES,0.999974151
MA_MGH_00208,3/27/20,USA,Massachusetts,0.999951347,YES,0.999974151
MA_MGH_00499,3/27/20,USA,Massachusetts,0.999935511,YES,0.999957367
MA_MGH_00203,3/27/20,USA,Massachusetts,0.999935511,YES,0.999957367
MA_MGH_00211,3/27/20,USA,Massachusetts,0.999935511,YES,0.999957367
MA_MGH_00486,3/27/20,USA,Massachusetts,0.999746671,YES,0.999331612
MA_MGH_00492,3/27/20,USA,Massachusetts,0.487426607,NO,0.930568094
MA_MGH_00185,3/27/20,USA,North America,0.534161545,NO,0.958435007
MA_MGH_00202,3/27/20,USA,Massachusetts,1,YES,1
MA_MGH_00502,3/27/20,USA,Massachusetts,0.99939112,YES,0.998817042
MA_MGH_00081,3/27/20,USA,Massachusetts,0.999951712,YES,0.999974592
MA_MGH_00505,3/27/20,USA,Massachusetts,0.999950165,YES,0.999973451
MA_MGH_00488,3/27/20,USA,Massachusetts,0.999951597,YES,0.999974252
MA_MGH_00501,3/27/20,USA,Massachusetts,0.999951597,YES,0.999974252
MA_MGH_00214,3/27/20,USA,Massachusetts,0.999951597,YES,0.999974252
MA_MGH_00184,3/27/20,USA,Massachusetts,0.971131483,YES,0.957053004
MA_MGH_00206,3/27/20,USA,Northeastern USA,0.986419912,NO,0.962734414
MA_MGH_00484,3/27/20,USA,Massachusetts,0.978116674,YES,0.975397884
MA_MGH_00170,3/27/20,USA,Massachusetts,0.978116674,YES,0.975397884
MA_MGH_00582,3/27/20,USA,Europe,0.249185587,NO,0.963934033
MA_MGH_00183,3/27/20,USA,North America,0.593492117,NO,0.964025577
MA_MGH_00489,3/27/20,USA,North America,0.959361287,NO,0.96393217
MA_MGH_00600,3/28/20,USA,North America,0.960993849,NO,0.963932176
MA_MGH_00628,3/28/20,USA,Massachusetts,0.411256957,NO,0.962730784
MA_MGH_00611,3/28/20,USA,Massachusetts,0.999949536,YES,0.999973444
MA_MGH_00615,3/28/20,USA,North America,0.470503377,NO,0.963931377
MA_MGH_00597,3/28/20,USA,Massachusetts,0.979500205,YES,0.975399442
MA_MGH_00585,3/28/20,USA,Massachusetts,0.979500205,YES,0.975399442
MA_MGH_00602,3/28/20,USA,Massachusetts,0.999951755,YES,0.99997461
MA_MGH_00622,3/28/20,USA,Massachusetts,0.999935511,YES,0.999957367
MA_MGH_00613,3/28/20,USA,Massachusetts,0.951718891,NO,0.853274286
MA_MGH_00603,3/28/20,USA,North America,0.876554275,NO,0.963764828
MA_DPH_00013,3/28/20,USA,Massachusetts,0.999950386,YES,0.999973947
MA_MGH_00612,3/28/20,USA,Massachusetts,0.999998494,YES,0.999999312
MA_MGH_00579,3/28/20,USA,Massachusetts,0.999950298,YES,0.999973909
MA_MGH_00598,3/28/20,USA,Massachusetts,0.999951755,YES,0.99997461
MA_MGH_00592,3/28/20,USA,Massachusetts,0.999951715,YES,0.999974593
MA_MGH_00506,3/28/20,USA,Massachusetts,0.999951715,YES,0.999974593
MA_MGH_00583,3/28/20,USA,Massachusetts,0.999999998,YES,1
MA_MGH_00580,3/28/20,USA,Massachusetts,0.999950341,YES,0.999973928
MA_MGH_00595,3/28/20,USA,Massachusetts,0.999951597,YES,0.999974252
MA_MGH_00604,3/28/20,USA,Massachusetts,0.992306843,YES,0.977919034
MA_MGH_00588,3/28/20,USA,Massachusetts,0.999460118,YES,0.99931665
MA_MGH_00627,3/28/20,USA,North America,0.829989091,NO,0.920076002
MA_MGH_00581,3/28/20,USA,North America,0.829989091,NO,0.920076002
MA_MGH_00115,3/29/20,USA,North America,0.91756635,NO,0.963977174
MA_MGH_00093,3/29/20,USA,Massachusetts,0.999320908,YES,0.999297884
MA_DPH_00014,3/30/20,USA,Massachusetts,0.999951712,YES,0.999974592
MA_DPH_00015,3/30/20,USA,Massachusetts,0.999951712,YES,0.999974592
MA_MGH_00109,3/31/20,USA,Europe,0.999724794,NO,1
MA_MGH_00116,3/31/20,USA,Massachusetts,0.999953085,YES,0.999975258
MA_MGH_00117,3/31/20,USA,North America,0.958846286,NO,0.962557214
MA_MGH_00124,3/31/20,USA,North America,0.45412914,NO,0.962106681
MA_MGH_00126,4/1/20,USA,Europe,0.816590076,NO,0.963933913
MA_MGH_00298,4/1/20,USA,Massachusetts,0.975240405,YES,0.973818573
MA_MGH_00644,4/1/20,USA,North America,0.572320431,NO,0.963930002
MA_MGH_00656,4/1/20,USA,Massachusetts,0.999951754,YES,0.999974598
MA_DPH_00018,4/1/20,USA,Massachusetts,0.999951716,YES,0.999974593
MA_DPH_00020,4/1/20,USA,Massachusetts,0.999951716,YES,0.999974593
MA_DPH_00016,4/1/20,USA,Massachusetts,0.999951716,YES,0.999974593
MA_DPH_00017,4/1/20,USA,Massachusetts,0.999950343,YES,0.999973928
MA_DPH_00019,4/1/20,USA,Massachusetts,0.999950343,YES,0.999973928
MA_MGH_00642,4/1/20,USA,Massachusetts,0.999937176,YES,0.999958156
MA_MGH_00645,4/1/20,USA,Massachusetts,0.999951755,YES,0.99997461
MA_MGH_00290,4/1/20,USA,Massachusetts,1,YES,1
MA_MGH_00299,4/1/20,USA,Massachusetts,1,YES,1
MA_MGH_00304,4/1/20,USA,Massachusetts,1,YES,1
MA_MGH_00296,4/1/20,USA,Massachusetts,0.999953128,YES,0.999975275
MA_MGH_00287,4/1/20,USA,Massachusetts,0.999951714,YES,0.999974593
MA_MGH_00305,4/1/20,USA,Massachusetts,0.999951714,YES,0.999974593
MA_MGH_00302,4/1/20,USA,Massachusetts,0.999951714,YES,0.999974593
MA_MGH_00269,4/1/20,USA,Massachusetts,0.999951714,YES,0.999974593
MA_MGH_00281,4/1/20,USA,Massachusetts,0.999951714,YES,0.999974593
MA_MGH_00294,4/1/20,USA,Massachusetts,0.999951714,YES,0.999974593
MA_MGH_00446,4/1/20,USA,Massachusetts,0.999951714,YES,0.999974593
MA_MGH_00291,4/1/20,USA,Massachusetts,0.999951714,YES,0.999974593
MA_MGH_00276,4/1/20,USA,Massachusetts,0.997473099,YES,0.999974592
MA_MGH_00447,4/1/20,USA,Massachusetts,0.999951715,YES,0.999974593
MA_MGH_00274,4/1/20,USA,Massachusetts,0.999951715,YES,0.999974593
MA_MGH_00277,4/1/20,USA,Massachusetts,0.999951715,YES,0.999974593
MA_MGH_00303,4/1/20,USA,Massachusetts,0.999951715,YES,0.999974593
MA_MGH_00270,4/1/20,USA,Massachusetts,0.999951715,YES,0.999974593
MA_MGH_00273,4/1/20,USA,Massachusetts,0.999951715,YES,0.999974593
MA_MGH_00280,4/1/20,USA,Massachusetts,0.999951715,YES,0.999974593
MA_MGH_00297,4/1/20,USA,Massachusetts,0.999951715,YES,0.999974593
MA_MGH_00264,4/1/20,USA,Massachusetts,0.999951715,YES,0.999974593
MA_MGH_00285,4/1/20,USA,Massachusetts,0.999951715,YES,0.999974593
MA_MGH_00278,4/1/20,USA,Massachusetts,0.999951715,YES,0.999974593
MA_MGH_00271,4/1/20,USA,Massachusetts,0.999951715,YES,0.999974593
MA_MGH_00266,4/1/20,USA,Massachusetts,0.999951715,YES,0.999974593
MA_MGH_00272,4/1/20,USA,Massachusetts,0.999951715,YES,0.999974593
MA_MGH_00445,4/1/20,USA,Massachusetts,0.840788458,NO,0.860491819
MA_MGH_00283,4/1/20,USA,Massachusetts,0.999946813,YES,0.999958783
MA_MGH_00267,4/1/20,USA,Massachusetts,0.999946813,YES,0.999958783
MA_MGH_00288,4/1/20,USA,Massachusetts,0.999946813,YES,0.999958783
MA_MGH_00282,4/1/20,USA,Massachusetts,0.999946813,YES,0.999958783
MA_MGH_00111,4/1/20,USA,Northeastern USA,0.870268087,NO,0.96278219
MA_MGH_00289,4/1/20,USA,Massachusetts,0.999981129,YES,0.999981575
MA_MGH_00265,4/1/20,USA,Massachusetts,0.999981129,YES,0.999981575
MA_MGH_00295,4/1/20,USA,Massachusetts,0.999933494,YES,0.99995553
MA_MGH_00646,4/2/20,USA,North America,0.663825928,NO,0.962099304
MA_MGH_00654,4/2/20,USA,Massachusetts,0.999998585,YES,0.999999359
MA_DPH_00040,4/2/20,USA,Massachusetts,0.999951716,YES,0.999974593
MA_DPH_00046,4/2/20,USA,Massachusetts,0.999951713,YES,0.999974592
MA_DPH_00038,4/2/20,USA,Massachusetts,0.999951715,YES,0.999974593
MA_DPH_00036,4/2/20,USA,Massachusetts,0.999951715,YES,0.999974593
MA_MGH_00633,4/2/20,USA,Massachusetts,0.999951715,YES,0.999974593
MA_MGH_00649,4/2/20,USA,Massachusetts,0.999951715,YES,0.999974593
MA_DPH_00043,4/2/20,USA,Massachusetts,0.999999952,YES,0.999999982
MA_DPH_00042,4/2/20,USA,Massachusetts,0.999950343,YES,0.999973928
MA_DPH_00025,4/2/20,USA,Massachusetts,0.999950343,YES,0.999973928
MA_DPH_00039,4/2/20,USA,Massachusetts,0.999950343,YES,0.999973928
MA_DPH_00023,4/2/20,USA,Massachusetts,0.999950343,YES,0.999973928
MA_DPH_00051,4/2/20,USA,Massachusetts,0.999950343,YES,0.999973928
MA_DPH_00035,4/2/20,USA,Massachusetts,0.999950343,YES,0.999973928
MA_DPH_00050,4/2/20,USA,Massachusetts,0.999950343,YES,0.999973928
MA_DPH_00027,4/2/20,USA,Massachusetts,0.999948876,YES,0.999967364
MA_DPH_00034,4/2/20,USA,Massachusetts,0.999951757,YES,0.999974611
MA_DPH_00029,4/2/20,USA,Massachusetts,0.999951757,YES,0.999974611
MA_DPH_00048,4/2/20,USA,Massachusetts,0.99960131,YES,0.999289535
MA_MGH_00653,4/2/20,USA,Massachusetts,0.999951755,YES,0.99997461
MA_DPH_00021,4/2/20,USA,Massachusetts,0.999939487,YES,0.999946214
MA_DPH_00032,4/2/20,USA,Massachusetts,0.999939487,YES,0.999946214
MA_DPH_00030,4/2/20,USA,Massachusetts,0.999939487,YES,0.999946214
MA_MGH_00635,4/2/20,USA,Massachusetts,0.999951755,YES,0.99997461
MA_MGH_00651,4/2/20,USA,Massachusetts,0.99933852,YES,0.999313449
MA_MGH_00650,4/2/20,USA,North America,0.416407516,NO,0.963933691
MA_DPH_00028,4/2/20,USA,Eastern USA,0.992277976,NO,0.998062188
MA_MGH_00127,4/2/20,USA,Asia,0.580118599,NO,0.963869952
MA_DPH_00031,4/2/20,USA,Massachusetts,0.976903488,YES,0.975366591
MA_DPH_00047,4/2/20,USA,Massachusetts,0.976903488,YES,0.975366591
MA_MGH_00648,4/2/20,USA,Massachusetts,0.999961278,YES,0.999987138
MA_DPH_00024,4/2/20,USA,Massachusetts,0.999950389,YES,0.999973955
MA_DPH_00053,4/3/20,USA,Massachusetts,0.999998543,YES,0.999999342
MA_DPH_00176,4/3/20,USA,Massachusetts,0.999953086,YES,0.999975259
MA_DPH_00063,4/3/20,USA,Massachusetts,0.999953086,YES,0.999975259
MA_DPH_00124,4/3/20,USA,Massachusetts,1,YES,1
MA_MGH_00639,4/3/20,USA,Massachusetts,1,YES,1
MA_DPH_00100,4/3/20,USA,Massachusetts,0.999951715,YES,0.999974593
MA_DPH_00130,4/3/20,USA,Massachusetts,0.999951715,YES,0.999974593
MA_DPH_00116,4/3/20,USA,Massachusetts,0.999951715,YES,0.999974593
MA_DPH_00087,4/3/20,USA,Massachusetts,0.999951715,YES,0.999974593
MA_DPH_00123,4/3/20,USA,Massachusetts,0.999951715,YES,0.999974593
MA_DPH_00107,4/3/20,USA,Massachusetts,0.999951715,YES,0.999974593
MA_DPH_00135,4/3/20,USA,Massachusetts,0.999951715,YES,0.999974593
MA_DPH_00102,4/3/20,USA,Massachusetts,0.999951715,YES,0.999974593
MA_DPH_00092,4/3/20,USA,Massachusetts,0.999951715,YES,0.999974593
MA_DPH_00108,4/3/20,USA,Massachusetts,0.999951715,YES,0.999974593
MA_DPH_00151,4/3/20,USA,Massachusetts,0.999951715,YES,0.999974593
MA_DPH_00126,4/3/20,USA,Massachusetts,0.999951715,YES,0.999974593
MA_DPH_00117,4/3/20,USA,Massachusetts,0.999951715,YES,0.999974593
MA_DPH_00058,4/3/20,USA,Massachusetts,0.999951715,YES,0.999974593
MA_DPH_00098,4/3/20,USA,Massachusetts,0.999951715,YES,0.999974593
MA_DPH_00170,4/3/20,USA,Massachusetts,0.999951715,YES,0.999974593
MA_DPH_00114,4/3/20,USA,Massachusetts,0.999951715,YES,0.999974593
MA_DPH_00104,4/3/20,USA,Massachusetts,0.999951715,YES,0.999974593
MA_DPH_00166,4/3/20,USA,Massachusetts,0.999951715,YES,0.999974593
MA_DPH_00068,4/3/20,USA,Massachusetts,0.999951715,YES,0.999974593
MA_DPH_00089,4/3/20,USA,Massachusetts,0.999999952,YES,0.999999982
MA_DPH_00086,4/3/20,USA,Massachusetts,0.999998586,YES,0.999999359
MA_DPH_00157,4/3/20,USA,Massachusetts,0.999998586,YES,0.999999359
MA_DPH_00095,4/3/20,USA,Massachusetts,0.999951716,YES,0.999974593
MA_DPH_00083,4/3/20,USA,Massachusetts,0.999951716,YES,0.999974593
MA_DPH_00080,4/3/20,USA,Massachusetts,0.999950342,YES,0.999973928
MA_DPH_00074,4/3/20,USA,Massachusetts,0.999950343,YES,0.999973928
MA_DPH_00105,4/3/20,USA,Massachusetts,0.999950343,YES,0.999973928
MA_DPH_00140,4/3/20,USA,Massachusetts,0.999950343,YES,0.999973928
MA_DPH_00149,4/3/20,USA,Massachusetts,0.999950343,YES,0.999973928
MA_DPH_00106,4/3/20,USA,Massachusetts,0.999950343,YES,0.999973928
MA_DPH_00084,4/3/20,USA,Massachusetts,0.999950343,YES,0.999973928
MA_DPH_00145,4/3/20,USA,Massachusetts,0.999950343,YES,0.999973928
MA_DPH_00137,4/3/20,USA,Massachusetts,0.999950343,YES,0.999973928
MA_DPH_00138,4/3/20,USA,Massachusetts,0.999950343,YES,0.999973928
MA_DPH_00060,4/3/20,USA,Massachusetts,0.999950343,YES,0.999973928
MA_DPH_00169,4/3/20,USA,Massachusetts,0.999950343,YES,0.999973928
MA_DPH_00115,4/3/20,USA,Massachusetts,0.999950343,YES,0.999973928
MA_DPH_00165,4/3/20,USA,Massachusetts,0.999950343,YES,0.999973928
MA_DPH_00094,4/3/20,USA,Massachusetts,0.999950343,YES,0.999973928
MA_DPH_00091,4/3/20,USA,Massachusetts,0.999950343,YES,0.999973928
MA_DPH_00054,4/3/20,USA,Massachusetts,0.999950343,YES,0.999973928
MA_DPH_00164,4/3/20,USA,Massachusetts,0.999950343,YES,0.999973928
MA_DPH_00110,4/3/20,USA,Massachusetts,0.999950343,YES,0.999973928
MA_DPH_00081,4/3/20,USA,Massachusetts,0.999950343,YES,0.999973928
MA_DPH_00127,4/3/20,USA,Massachusetts,0.999950343,YES,0.999973928
MA_DPH_00147,4/3/20,USA,Massachusetts,0.999950343,YES,0.999973928
MA_DPH_00148,4/3/20,USA,Massachusetts,0.999950343,YES,0.999973928
MA_DPH_00142,4/3/20,USA,Massachusetts,0.999950343,YES,0.999973928
MA_DPH_00075,4/3/20,USA,Massachusetts,0.999950343,YES,0.999973928
MA_DPH_00109,4/3/20,USA,Massachusetts,0.999950343,YES,0.999973928
MA_DPH_00065,4/3/20,USA,Massachusetts,0.999950343,YES,0.999973928
MA_MGH_00637,4/3/20,USA,Massachusetts,0.966444486,NO,0.854440201
MA_MGH_00661,4/3/20,USA,North America,0.934688785,NO,0.96386518
MA_DPH_00062,4/3/20,USA,Massachusetts,0.999999998,YES,1
MA_DPH_00158,4/3/20,USA,Massachusetts,0.999999998,YES,1
MA_DPH_00057,4/3/20,USA,Massachusetts,0.999999998,YES,1
MA_DPH_00118,4/3/20,USA,Massachusetts,0.999953128,YES,0.999975275
MA_DPH_00121,4/3/20,USA,Massachusetts,0.999953128,YES,0.999975275
MA_DPH_00090,4/3/20,USA,Massachusetts,0.999951757,YES,0.999974611
MA_DPH_00171,4/3/20,USA,Massachusetts,0.999951757,YES,0.999974611
MA_DPH_00122,4/3/20,USA,Massachusetts,0.999998494,YES,0.999999312
MA_DPH_00134,4/3/20,USA,Massachusetts,0.999951713,YES,0.999974592
MA_DPH_00167,4/3/20,USA,Massachusetts,0.999951713,YES,0.999974592
MA_DPH_00139,4/3/20,USA,Massachusetts,0.999950341,YES,0.999973927
MA_DPH_00129,4/3/20,USA,Massachusetts,0.999951755,YES,0.99997461
MA_DPH_00144,4/3/20,USA,Massachusetts,0.999951755,YES,0.99997461
MA_DPH_00113,4/3/20,USA,Massachusetts,0.999951709,YES,0.99997458
MA_DPH_00168,4/3/20,USA,Massachusetts,0.999951709,YES,0.99997458
MA_MGH_00660,4/3/20,USA,Massachusetts,0.999951709,YES,0.99997458
MA_DPH_00143,4/3/20,USA,Massachusetts,0.999951709,YES,0.99997458
MA_DPH_00159,4/3/20,USA,Massachusetts,0.982394247,YES,0.973783109
MA_DPH_00156,4/3/20,USA,Massachusetts,0.999943649,YES,0.99995665
MA_DPH_00076,4/3/20,USA,Massachusetts,0.999943649,YES,0.99995665
MA_DPH_00163,4/3/20,USA,Massachusetts,0.99960131,YES,0.999289535
MA_MGH_00659,4/3/20,USA,Massachusetts,0.999951755,YES,0.99997461
MA_DPH_00052,4/3/20,USA,Massachusetts,0.999950339,YES,0.999973927
MA_MGH_00663,4/3/20,USA,Massachusetts,0.999936342,YES,0.999957764
MA_DPH_00150,4/3/20,USA,Massachusetts,0.988327344,YES,0.975366628
MA_MGH_00658,4/3/20,USA,Massachusetts,0.970724138,YES,0.975366588
MA_MGH_00657,4/3/20,USA,Massachusetts,0.999815239,YES,0.991752081
MA_MGH_00665,4/4/20,USA,Massachusetts,0.999951715,YES,0.999974593
MA_MGH_00670,4/4/20,USA,Massachusetts,1,YES,1
MA_MGH_00669,4/4/20,USA,Massachusetts,0.999945734,YES,0.999958228
MA_MGH_00666,4/4/20,USA,Massachusetts,0.999951751,YES,0.999974598
MA_MGH_00459,4/4/20,USA,Massachusetts,1,YES,1
MA_MGH_00458,4/4/20,USA,Massachusetts,1,YES,1
MA_MGH_00460,4/4/20,USA,Massachusetts,1,YES,1
MA_MGH_00469,4/4/20,USA,Massachusetts,1,YES,1
MA_MGH_00474,4/4/20,USA,Massachusetts,0.999953128,YES,0.999975275
MA_MGH_00476,4/4/20,USA,Massachusetts,0.999953128,YES,0.999975275
MA_MGH_00472,4/4/20,USA,Massachusetts,0.999951688,YES,0.999974593
MA_MGH_00481,4/4/20,USA,Massachusetts,0.999951688,YES,0.999974593
MA_MGH_00468,4/4/20,USA,Massachusetts,0.999951688,YES,0.999974593
MA_MGH_00464,4/4/20,USA,Massachusetts,0.999951688,YES,0.999974593
MA_MGH_00463,4/4/20,USA,Massachusetts,0.999951715,YES,0.999974593
MA_MGH_00454,4/4/20,USA,Massachusetts,0.999951715,YES,0.999974593
MA_MGH_00467,4/4/20,USA,Massachusetts,0.999951715,YES,0.999974593
MA_MGH_00471,4/4/20,USA,Massachusetts,0.999951715,YES,0.999974593
MA_MGH_00466,4/4/20,USA,Massachusetts,0.999951715,YES,0.999974593
MA_MGH_00475,4/4/20,USA,Massachusetts,0.999951715,YES,0.999974593
MA_MGH_00473,4/4/20,USA,Massachusetts,0.999951715,YES,0.999974593
MA_MGH_00480,4/4/20,USA,Massachusetts,0.999951715,YES,0.999974593
MA_MGH_00461,4/4/20,USA,Massachusetts,0.999951715,YES,0.999974593
MA_MGH_00465,4/4/20,USA,Massachusetts,0.999951715,YES,0.999974593
MA_MGH_00456,4/4/20,USA,Massachusetts,0.999981129,YES,0.999981575
MA_MGH_00479,4/4/20,USA,Massachusetts,0.999935293,YES,0.999956652
MA_MGH_00318,4/4/20,USA,Massachusetts,0.999935293,YES,0.999956652
MA_MGH_00477,4/4/20,USA,Massachusetts,0.999951317,YES,0.999974141
MA_MGH_00453,4/4/20,USA,Massachusetts,0.999951317,YES,0.999974141
MA_MGH_00664,4/4/20,USA,Massachusetts,0.999951757,YES,0.999974611
MA_MGH_00674,4/5/20,USA,Massachusetts,0.999951715,YES,0.999974593
MA_MGH_00227,4/5/20,USA,Massachusetts,0.999934053,YES,0.999955884
MA_DPH_00178,4/5/20,USA,Massachusetts,0.999951497,YES,0.999974109
MA_MGH_00673,4/5/20,USA,Massachusetts,0.999951751,YES,0.999974598
MA_DPH_00177,4/5/20,USA,Massachusetts,0.999939487,YES,0.999946214
MA_MGH_00316,4/5/20,USA,Massachusetts,0.999951754,YES,0.999974125
MA_MGH_00307,4/5/20,USA,Massachusetts,0.999951716,YES,0.999974593
MA_DPH_00185,4/6/20,USA,Massachusetts,0.501498891,YES,0.611131387
MA_MGH_00696,4/6/20,USA,Massachusetts,0.975833953,YES,0.974469368
MA_MGH_00257,4/6/20,USA,Massachusetts,0.999344911,YES,0.999307493
MA_MGH_00262,4/6/20,USA,Massachusetts,0.999344911,YES,0.999307493
MA_MGH_00675,4/6/20,USA,Massachusetts,0.98071597,YES,0.976271725
MA_MGH_00693,4/6/20,USA,Massachusetts,0.99992538,YES,0.999956549
MA_MGH_00694,4/6/20,USA,Massachusetts,0.99992538,YES,0.999956549
MA_MGH_00902,4/6/20,USA,Massachusetts,1,YES,1
MA_MGH_00695,4/6/20,USA,Massachusetts,0.999998586,YES,0.999999359
MA_DPH_00188,4/6/20,USA,Massachusetts,0.999951715,YES,0.999974593
MA_DPH_00183,4/6/20,USA,Massachusetts,0.999951715,YES,0.999974593
MA_DPH_00182,4/6/20,USA,Massachusetts,0.999951715,YES,0.999974593
MA_DPH_00180,4/6/20,USA,Massachusetts,0.999951715,YES,0.999974593
MA_MGH_00690,4/6/20,USA,Massachusetts,0.999951715,YES,0.999974593
MA_DPH_00189,4/6/20,USA,Massachusetts,0.999951716,YES,0.999974593
MA_DPH_00187,4/6/20,USA,Massachusetts,0.999950344,YES,0.999973929
MA_MGH_00688,4/6/20,USA,Massachusetts,0.999937176,YES,0.999958156
MA_MGH_00703,4/6/20,USA,Massachusetts,0.999951797,YES,0.999974628
MA_DPH_00192,4/6/20,USA,Massachusetts,0.969647878,YES,0.974658105
MA_MGH_00705,4/6/20,USA,Massachusetts,0.999951497,YES,0.999974109
MA_MGH_00689,4/6/20,USA,Massachusetts,0.999953128,YES,0.999975275
MA_MGH_00699,4/6/20,USA,Massachusetts,0.999953128,YES,0.999975275
MA_DPH_00194,4/6/20,USA,Massachusetts,0.999951715,YES,0.999974593
MA_MGH_00704,4/6/20,USA,Massachusetts,0.999951715,YES,0.999974593
MA_DPH_00181,4/6/20,USA,Massachusetts,0.999951715,YES,0.999974593
MA_DPH_00186,4/6/20,USA,Massachusetts,0.999951499,YES,0.99997411
MA_MGH_00229,4/6/20,USA,Massachusetts,0.975240405,YES,0.973818573
MA_MGH_00250,4/6/20,USA,Massachusetts,0.999344911,YES,0.999307493
MA_MGH_00238,4/6/20,USA,Massachusetts,0.999344911,YES,0.999307493
MA_MGH_00687,4/6/20,USA,Northeastern USA,0.987761934,NO,0.96393391
MA_MGH_00698,4/6/20,USA,Massachusetts,0.999951716,YES,0.999974593
MA_MGH_00701,4/6/20,USA,North America,0.956686046,NO,0.963933692
MA_MGH_00691,4/6/20,USA,North America,0.952703123,NO,0.963978799
MA_MGH_00263,4/6/20,USA,Massachusetts,1,YES,1
MA_MGH_00248,4/6/20,USA,Massachusetts,0.999953128,YES,0.999975275
MA_MGH_00239,4/6/20,USA,Massachusetts,0.999951715,YES,0.999974593
MA_MGH_00231,4/6/20,USA,Massachusetts,0.999951715,YES,0.999974593
MA_MGH_00254,4/6/20,USA,Massachusetts,0.999951715,YES,0.999974593
MA_MGH_00256,4/6/20,USA,Massachusetts,0.999951715,YES,0.999974593
MA_MGH_00234,4/6/20,USA,Massachusetts,0.999951715,YES,0.999974593
MA_MGH_00247,4/6/20,USA,Massachusetts,0.999951715,YES,0.999974593
MA_MGH_00245,4/6/20,USA,Massachusetts,0.999951715,YES,0.999974593
MA_MGH_00242,4/6/20,USA,Massachusetts,0.999951715,YES,0.999974593
MA_MGH_00251,4/6/20,USA,Massachusetts,0.999951715,YES,0.999974593
MA_MGH_00261,4/6/20,USA,Massachusetts,0.999951715,YES,0.999974593
MA_MGH_00244,4/6/20,USA,Massachusetts,0.999951715,YES,0.999974593
MA_MGH_00243,4/6/20,USA,Massachusetts,0.999951715,YES,0.999974593
MA_MGH_00252,4/6/20,USA,Massachusetts,0.999951715,YES,0.999974593
MA_MGH_00233,4/6/20,USA,Massachusetts,0.999951715,YES,0.999974593
MA_MGH_00230,4/6/20,USA,Massachusetts,0.999951715,YES,0.999974593
MA_MGH_00255,4/6/20,USA,Massachusetts,0.999951715,YES,0.999974593
MA_MGH_00258,4/6/20,USA,Massachusetts,0.999797179,YES,0.999385149
MA_MGH_00232,4/6/20,USA,Massachusetts,0.999797179,YES,0.999385149
MA_DPH_00197,4/7/20,USA,Massachusetts,0.999998543,YES,0.999999342
MA_MGH_00706,4/7/20,USA,Massachusetts,0.999953128,YES,0.999975275
MA_DPH_00198,4/7/20,USA,Massachusetts,0.999951715,YES,0.999974593
MA_MGH_00708,4/7/20,USA,Massachusetts,0.999951797,YES,0.999974628
MA_MGH_00707,4/7/20,USA,Massachusetts,0.999943649,YES,0.99995665
MA_DPH_00199,4/7/20,USA,Massachusetts,0.999943649,YES,0.99995665
MA_DPH_00195,4/7/20,USA,Massachusetts,0.982394253,YES,0.973783122
MA_DPH_00200,4/7/20,USA,Massachusetts,0.999951755,YES,0.99997461
MA_MGH_00717,4/8/20,United Kingdom,Europe,0.902993619,NO,0.866249719
MA_MGH_00711,4/8/20,USA,Massachusetts,0.999953084,YES,0.999975258
MA_MGH_00718,4/8/20,USA,Europe,0.999999514,NO,0.999998126
MA_MGH_00728,4/8/20,USA,Massachusetts,0.999905066,YES,0.999722268
MA_MGH_00716,4/8/20,USA,Massachusetts,0.999943629,YES,0.999945094
MA_MGH_00715,4/8/20,USA,Massachusetts,0.999951755,YES,0.99997461
MA_MGH_00721,4/8/20,USA,Massachusetts,0.9999999,YES,0.999981433
MA_MGH_00727,4/8/20,USA,Massachusetts,0.999948981,YES,0.999946329
MA_MGH_00903,4/8/20,USA,Massachusetts,0.993800736,YES,0.976467605
MA_DPH_00202,4/8/20,USA,Massachusetts,0.9994856,YES,0.999691161
MA_MGH_00736,4/9/20,United Kingdom,Europe,0.902993619,NO,0.866249719
MA_MGH_00738,4/9/20,USA,Massachusetts,0.999953128,YES,0.999975275
MA_DPH_00203,4/9/20,USA,Massachusetts,0.999951715,YES,0.999974593
MA_DPH_00206,4/9/20,USA,Massachusetts,0.999951715,YES,0.999974593
MA_DPH_00204,4/9/20,USA,Massachusetts,0.999998586,YES,0.999999359
MA_MGH_00734,4/9/20,USA,Massachusetts,1,YES,1
MA_MGH_00730,4/9/20,USA,Massachusetts,0.999953128,YES,0.999975275
MA_MGH_00740,4/9/20,USA,Massachusetts,0.999951712,YES,0.999974592
MA_MGH_00732,4/9/20,USA,Massachusetts,0.975833952,YES,0.974469323
MA_MGH_00735,4/9/20,USA,Massachusetts,0.999936342,YES,0.999957764
MA_MGH_00741,4/9/20,USA,Massachusetts,0.999355668,YES,0.999330947
MA_MGH_00757,4/10/20,USA,Massachusetts,0.975833953,YES,0.974469368
MA_MGH_00749,4/10/20,USA,Massachusetts,0.999951715,YES,0.999974593
MA_MGH_00760,4/10/20,USA,Massachusetts,1,YES,1
MA_MGH_00758,4/10/20,USA,Massachusetts,1,YES,1
MA_MGH_00759,4/10/20,USA,Massachusetts,0.999951715,YES,0.999974593
MA_MGH_00747,4/10/20,USA,Massachusetts,0.999951715,YES,0.999974593
MA_MGH_00745,4/10/20,USA,Massachusetts,0.999746671,YES,0.999331612
MA_MGH_00743,4/10/20,USA,Massachusetts,0.99995171,YES,0.999974443
MA_MGH_00753,4/10/20,USA,Massachusetts,0.968568677,YES,0.973769538
MA_DPH_00208,4/10/20,USA,Massachusetts,0.982393838,YES,0.973782197
MA_DPH_00209,4/10/20,USA,Massachusetts,0.999951715,YES,0.999974593
MA_MGH_00746,4/10/20,USA,North America,0.948320889,NO,0.963868126
MA_MGH_00742,4/10/20,USA,Massachusetts,0.999355668,YES,0.999330947
MA_MGH_00751,4/10/20,USA,Massachusetts,0.969858817,YES,0.974469368
MA_MGH_00762,4/11/20,USA,Massachusetts,0.999360879,YES,0.999328797
MA_MGH_00767,4/11/20,USA,Massachusetts,0.999388473,YES,0.994081374
MA_MGH_00761,4/11/20,USA,Massachusetts,0.999951499,YES,0.99997411
MA_MGH_00766,4/11/20,USA,Massachusetts,0.975699365,YES,0.974738116
MA_MGH_00764,4/11/20,USA,Massachusetts,0.999961278,YES,0.999987138
MA_DPH_00212,4/12/20,USA,Massachusetts,0.999950341,YES,0.999973928
MA_MGH_00775,4/12/20,USA,Massachusetts,0.999922043,YES,0.999956916
MA_MGH_00774,4/12/20,USA,Massachusetts,0.9999503,YES,0.99997391
MA_MGH_00779,4/12/20,USA,Massachusetts,0.999951716,YES,0.999974593
MA_DPH_00213,4/12/20,USA,Eastern USA,0.957180082,NO,0.920525291
MA_MGH_00770,4/12/20,USA,Massachusetts,0.988327344,YES,0.975366628
MA_MGH_00773,4/12/20,USA,Massachusetts,0.999630839,YES,0.994643651
MA_MGH_00832,4/13/20,USA,Massachusetts,0.999479613,YES,0.99935399
MA_MGH_00798,4/13/20,USA,Massachusetts,0.999951715,YES,0.999974593
MA_MGH_00841,4/13/20,USA,North America,0.391886211,NO,0.963933913
MA_MGH_00811,4/13/20,USA,Massachusetts,0.999953128,YES,0.999975275
MA_MGH_00812,4/13/20,USA,Massachusetts,0.999953128,YES,0.999975275
MA_MGH_00822,4/13/20,USA,Massachusetts,0.999998586,YES,0.999999359
MA_MGH_00828,4/13/20,USA,Massachusetts,0.999837922,YES,0.999302737
MA_DPH_00218,4/13/20,USA,Massachusetts,0.999951713,YES,0.999974592
MA_MGH_00845,4/13/20,USA,Massachusetts,0.999951713,YES,0.999974592
MA_DPH_00216,4/13/20,USA,Massachusetts,0.999951755,YES,0.99997461
MA_DPH_00217,4/13/20,USA,Massachusetts,0.999951716,YES,0.999974593
MA_DPH_00219,4/13/20,USA,Massachusetts,0.999951756,YES,0.999974611
MA_MGH_00862,4/13/20,USA,Massachusetts,0.999388473,YES,0.994081374
MA_MGH_00840,4/13/20,USA,Massachusetts,0.999722284,YES,0.99887223
MA_MGH_00809,4/13/20,USA,Massachusetts,0.999951751,YES,0.999974592
MA_MGH_00855,4/13/20,USA,Massachusetts,0.999951751,YES,0.999974592
MA_MGH_00816,4/13/20,USA,Massachusetts,1,YES,1
MA_MGH_00814,4/13/20,USA,Massachusetts,0.999951797,YES,0.999974628
MA_MGH_00829,4/13/20,USA,Massachusetts,0.999951633,YES,0.999974559
MA_MGH_00827,4/13/20,USA,Massachusetts,0.999951633,YES,0.999974559
MA_MGH_00848,4/13/20,USA,Massachusetts,0.999953128,YES,0.999975275
MA_MGH_00830,4/13/20,USA,Massachusetts,0.999998586,YES,0.999999359
MA_MGH_00831,4/13/20,USA,Massachusetts,0.999998586,YES,0.999999359
MA_MGH_00799,4/13/20,USA,Massachusetts,0.999951714,YES,0.999974593
MA_MGH_00834,4/13/20,USA,Massachusetts,0.999951716,YES,0.999974593
MA_MGH_00826,4/13/20,USA,Massachusetts,0.975667235,YES,0.974721767
MA_MGH_00836,4/13/20,USA,Massachusetts,0.999950386,YES,0.999973946
MA_MGH_00791,4/13/20,USA,Massachusetts,0.999951757,YES,0.999974611
MA_MGH_00817,4/13/20,USA,Massachusetts,0.999951757,YES,0.999974611
MA_MGH_00789,4/13/20,USA,Massachusetts,0.719431172,NO,0.865147489
MA_MGH_00823,4/13/20,USA,Massachusetts,0.998878349,YES,0.996648564
MA_MGH_00795,4/13/20,USA,Massachusetts,0.998878349,YES,0.996648564
MA_MGH_00796,4/13/20,USA,Massachusetts,0.999944199,YES,0.999838657
MA_MGH_00801,4/13/20,USA,Massachusetts,0.999944199,YES,0.999838657
MA_MGH_00824,4/13/20,USA,Massachusetts,0.999951715,YES,0.999973906
MA_MGH_00853,4/13/20,USA,Massachusetts,0.999961278,YES,0.999987138
MA_MGH_00887,4/14/20,USA,Asia,0.63966131,NO,0.962635258
MA_MGH_00883,4/14/20,USA,North America,0.52171849,NO,0.96397887
MA_MGH_00869,4/14/20,USA,Massachusetts,0.970880907,YES,0.975400063
MA_MGH_00866,4/14/20,USA,Massachusetts,0.999998586,YES,0.999999359
MA_DPH_00222,4/14/20,USA,Massachusetts,0.999951755,YES,0.99997461
MA_MGH_00876,4/14/20,USA,Massachusetts,0.968228676,YES,0.757323735
MA_MGH_00858,4/14/20,USA,Massachusetts,0.999951633,YES,0.999974559
MA_MGH_00871,4/14/20,USA,Massachusetts,0.999922043,YES,0.999956916
MA_MGH_00878,4/14/20,USA,Massachusetts,0.999998586,YES,0.999999359
MA_MGH_00886,4/14/20,USA,Massachusetts,0.997944954,NO,0.999857303
MA_MGH_00868,4/14/20,USA,Massachusetts,0.999951715,YES,0.999973906
MA_DPH_00221,4/14/20,USA,Massachusetts,0.984443634,YES,0.988860844
MA_DPH_00225,4/15/20,USA,Massachusetts,0.999951715,YES,0.999974593
MA_DPH_00230,4/15/20,USA,Massachusetts,0.999950343,YES,0.999973928
MA_DPH_00229,4/15/20,USA,Massachusetts,0.999951633,YES,0.999974559
MA_DPH_00227,4/15/20,USA,Massachusetts,0.999950339,YES,0.999973927
MA_DPH_00228,4/15/20,USA,Massachusetts,0.999943649,YES,0.99995665
MA_DPH_00236,4/16/20,USA,Massachusetts,0.999998543,YES,0.999999342
MA_DPH_00238,4/16/20,USA,Massachusetts,0.999998543,YES,0.999999342
MA_DPH_00243,4/16/20,USA,Massachusetts,0.999951715,YES,0.999974593
MA_DPH_00246,4/16/20,USA,Massachusetts,0.999951712,YES,0.999974592
MA_DPH_00232,4/16/20,USA,Massachusetts,0.999951715,YES,0.999974593
MA_DPH_00239,4/16/20,USA,Massachusetts,0.999951715,YES,0.999974593
MA_DPH_00231,4/16/20,USA,Massachusetts,0.999951715,YES,0.999974593
MA_DPH_00237,4/16/20,USA,Massachusetts,0.999950385,YES,0.999973946
MA_DPH_00240,4/16/20,USA,Massachusetts,0.999951756,YES,0.999974611
MA_DPH_00234,4/16/20,USA,Massachusetts,0.982394259,YES,0.973783135
MA_DPH_00235,4/16/20,USA,Massachusetts,0.9994856,YES,0.999691161
MA_DPH_00241,4/16/20,USA,Massachusetts,0.999950385,YES,0.999973946
MA_DPH_00244,4/16/20,USA,Massachusetts,0.999951756,YES,0.999974611
MA_DPH_00248,4/17/20,USA,Massachusetts,0.999951757,YES,0.999974611
MA_DPH_00256,4/17/20,USA,Massachusetts,0.999951757,YES,0.999974611
MA_DPH_00257,4/17/20,USA,Massachusetts,0.999950386,YES,0.999973947
MA_DPH_00255,4/17/20,USA,Massachusetts,0.999951757,YES,0.999974611
MA_DPH_00252,4/17/20,USA,Massachusetts,0.999951757,YES,0.999974611
MA_MGH_00906,4/17/20,USA,Massachusetts,0.999999952,YES,0.999999982
MA_DPH_00261,4/17/20,USA,Massachusetts,0.999951797,YES,0.999974628
MA_DPH_00270,4/17/20,USA,Massachusetts,0.999951797,YES,0.999974628
MA_DPH_00250,4/17/20,USA,Massachusetts,0.999951755,YES,0.99997461
MA_DPH_00299,4/17/20,USA,Massachusetts,0.999951715,YES,0.999974593
MA_DPH_00263,4/17/20,USA,Massachusetts,0.999951715,YES,0.999974593
MA_DPH_00268,4/17/20,USA,Massachusetts,0.999951715,YES,0.999974593
MA_DPH_00266,4/17/20,USA,Massachusetts,0.999943649,YES,0.99995665
MA_DPH_00294,4/17/20,USA,Massachusetts,0.999999999,YES,1
MA_DPH_00271,4/17/20,USA,Massachusetts,0.999999999,YES,1
MA_DPH_00265,4/17/20,USA,Massachusetts,0.999999999,YES,1
MA_DPH_00283,4/17/20,USA,Massachusetts,0.999953128,YES,0.999975275
MA_DPH_00303,4/17/20,USA,Massachusetts,0.999950345,YES,0.999973929
MA_DPH_00287,4/17/20,USA,Massachusetts,0.999950344,YES,0.999973929
MA_DPH_00277,4/17/20,USA,Massachusetts,0.999950343,YES,0.999973928
MA_DPH_00264,4/17/20,USA,Massachusetts,0.999950343,YES,0.999973928
MA_DPH_00295,4/17/20,USA,Massachusetts,0.999950345,YES,0.999973929
MA_DPH_00292,4/17/20,USA,Massachusetts,0.999951756,YES,0.999974611
MA_DPH_00306,4/18/20,USA,Massachusetts,0.999951715,YES,0.999974593
MA_DPH_00318,4/18/20,USA,Massachusetts,0.999951797,YES,0.999974628
MA_DPH_00305,4/18/20,USA,Massachusetts,0.999951501,YES,0.999974111
MA_DPH_00304,4/18/20,USA,Massachusetts,0.999951755,YES,0.99997461
MA_DPH_00301,4/18/20,USA,Massachusetts,0.999999999,YES,1
MA_DPH_00321,4/18/20,USA,Massachusetts,0.999999999,YES,1
MA_DPH_00308,4/18/20,USA,Massachusetts,0.999951756,YES,0.999974611
MA_DPH_00322,4/18/20,USA,Massachusetts,0.999950343,YES,0.999973928
MA_DPH_00317,4/18/20,USA,Massachusetts,0.999950343,YES,0.999973928
MA_DPH_00315,4/18/20,USA,Massachusetts,0.999950343,YES,0.999973928
MA_DPH_00310,4/18/20,USA,Massachusetts,0.999950344,YES,0.999973929
MA_DPH_00311,4/18/20,USA,Massachusetts,0.999950385,YES,0.999973946
MA_MGH_01460,4/28/20,USA,Massachusetts,0.999951715,YES,0.999974593
MA_MGH_01543,4/28/20,USA,Massachusetts,0.999951715,YES,0.999974593
MA_MGH_01544,4/28/20,USA,Massachusetts,0.999953128,YES,0.999975275
MA_MGH_01552,4/28/20,USA,Massachusetts,0.999953128,YES,0.999975275
MA_MGH_01632,4/28/20,USA,Massachusetts,0.999950256,YES,0.999973891
MA_MGH_01166,4/29/20,USA,Asia,0.950236273,NO,0.933436767
MA_MGH_01169,4/29/20,USA,Massachusetts,0.999951712,YES,0.999974593
MA_MGH_01157,4/29/20,USA,Massachusetts,0.999998585,YES,0.999999359
MA_MGH_01151,4/29/20,USA,Europe,0.816100811,NO,0.963933913
MA_MGH_01161,4/29/20,USA,Massachusetts,0.997944954,NO,0.999857303
MA_MGH_01153,4/29/20,USA,Massachusetts,0.992227896,YES,0.977313362
MA_MGH_01152,4/29/20,USA,Massachusetts,0.999760129,YES,0.999396631
MA_MGH_01183,4/29/20,USA,Massachusetts,0.998831371,YES,0.996942884
MA_MGH_01182,4/29/20,USA,Massachusetts,0.968624855,YES,0.973801553
MA_MGH_01271,4/29/20,USA,Massachusetts,0.999922747,YES,0.99995715
MA_MGH_01022,4/30/20,USA,Massachusetts,0.999953128,YES,0.999975275
MA_MGH_01021,4/30/20,USA,Massachusetts,0.999953128,YES,0.999975275
MA_MGH_01448,4/30/20,USA,Massachusetts,0.98255257,YES,0.956821941
MA_MGH_01017,4/30/20,USA,Massachusetts,0.999950302,YES,0.999973911
MA_MGH_01018,4/30/20,USA,Massachusetts,0.999951716,YES,0.999974593
MA_MGH_01443,4/30/20,USA,North America,0.96098237,NO,0.963933692
MA_MGH_01001,4/30/20,USA,Massachusetts,0.999760129,YES,0.999396631
MA_MGH_01071,4/30/20,USA,Massachusetts,0.986244438,YES,0.978683906
MA_MGH_01073,4/30/20,USA,Massachusetts,0.998967917,YES,0.99833974
MA_MGH_01011,4/30/20,USA,Massachusetts,0.993800736,YES,0.976467605
MA_MGH_01033,4/30/20,USA,Massachusetts,0.999776512,YES,0.999344045
MA_MGH_01027,4/30/20,USA,Massachusetts,0.999946626,YES,0.99995768
MA_MGH_01442,4/30/20,USA,Massachusetts,0.988566917,YES,0.97536827
MA_MGH_01452,4/30/20,USA,North America,0.959570589,NO,0.962224249
MA_MGH_01086,5/1/20,USA,Massachusetts,0.999338083,YES,0.999312991
MA_MGH_01084,5/1/20,USA,Massachusetts,0.999934562,YES,0.999956659
MA_MGH_01080,5/1/20,USA,Massachusetts,0.999949577,YES,0.999973462
MA_MGH_01045,5/1/20,USA,Massachusetts,0.999951676,YES,0.999974134
MA_MGH_01096,5/1/20,USA,Massachusetts,0.999951795,YES,0.999974628
MA_MGH_01107,5/1/20,USA,Massachusetts,0.999951712,YES,0.999974592
MA_MGH_01049,5/1/20,USA,Massachusetts,0.999950345,YES,0.999973929
MA_MGH_01103,5/1/20,USA,Massachusetts,0.85727113,NO,0.530128092
MA_MGH_00992,5/1/20,USA,Massachusetts,0.999951501,YES,0.999974111
MA_MGH_01068,5/1/20,USA,Massachusetts,0.999951756,YES,0.999974611
MA_MGH_01076,5/1/20,USA,Massachusetts,0.999951756,YES,0.999974611
MA_MGH_01061,5/1/20,USA,Massachusetts,0.999951715,YES,0.999974593
MA_MGH_01081,5/1/20,USA,Massachusetts,0.99995012,YES,0.999973432
MA_MGH_01031,5/1/20,USA,Massachusetts,0.999951749,YES,0.999974598
MA_MGH_01032,5/1/20,USA,Massachusetts,0.999951749,YES,0.999974598
MA_MGH_01048,5/1/20,USA,Massachusetts,0.976330374,YES,0.975365503
MA_MGH_01110,5/1/20,USA,Massachusetts,0.978825845,YES,0.974725332
MA_MGH_01109,5/1/20,USA,Massachusetts,0.999934566,YES,0.999957767
MA_MGH_01089,5/1/20,USA,Massachusetts,0.999934566,YES,0.999957767
MA_MGH_01063,5/1/20,USA,Massachusetts,0.986244438,YES,0.978683906
MA_MGH_00996,5/1/20,USA,Massachusetts,0.998831371,YES,0.996942884
MA_MGH_01111,5/1/20,USA,Massachusetts,0.508728614,NO,0.59332908
MA_MGH_01065,5/1/20,USA,Massachusetts,0.998967917,YES,0.99833974
MA_MGH_01057,5/1/20,USA,Massachusetts,0.999904702,YES,0.998918055
MA_MGH_01092,5/1/20,USA,Massachusetts,0.999946626,YES,0.99995768
MA_MGH_01060,5/1/20,USA,Massachusetts,0.988566917,YES,0.97536827
MA_MGH_01132,5/2/20,USA,Massachusetts,0.999939869,YES,0.999958798
MA_MGH_00935,5/2/20,USA,Massachusetts,0.999999984,YES,0.999999988
MA_MGH_00922,5/2/20,USA,Massachusetts,0.999950346,YES,0.999973929
MA_MGH_01127,5/2/20,USA,Massachusetts,0.999951757,YES,0.999974611
MA_MGH_01120,5/2/20,USA,Massachusetts,0.999951713,YES,0.999974594
MA_MGH_00937,5/2/20,USA,Massachusetts,0.999951347,YES,0.99997417
MA_MGH_00939,5/2/20,USA,Massachusetts,0.999951347,YES,0.99997417
MA_MGH_01126,5/2/20,USA,Massachusetts,0.999951756,YES,0.999974611
MA_MGH_00926,5/2/20,USA,Massachusetts,0.999950343,YES,0.999973928
MA_MGH_01119,5/2/20,USA,Massachusetts,0.656675588,NO,0.960007239
MA_MGH_00946,5/2/20,USA,Massachusetts,0.999902461,YES,0.999496279
MA_MGH_00931,5/2/20,USA,Massachusetts,0.99939112,YES,0.998817042
MA_MGH_00916,5/2/20,USA,Massachusetts,0.999951501,YES,0.999974111
MA_MGH_01137,5/2/20,USA,Massachusetts,0.999951755,YES,0.99997461
MA_MGH_00947,5/2/20,USA,North America,0.738786989,NO,0.99858866
MA_MGH_01121,5/2/20,USA,Massachusetts,0.970724138,YES,0.975366588
MA_MGH_00954,5/2/20,USA,Massachusetts,0.997473099,YES,0.999974592
MA_MGH_01108,5/2/20,USA,Massachusetts,0.978741872,YES,0.877633085
MA_MGH_00923,5/2/20,USA,Massachusetts,0.450980742,NO,0.963869952
MA_MGH_01140,5/2/20,USA,Massachusetts,0.970653661,YES,0.975366673
MA_MGH_01149,5/2/20,USA,Massachusetts,0.970653661,YES,0.975366673
MA_MGH_00978,5/3/20,USA,Massachusetts,0.999951733,YES,0.999974599
MA_MGH_00977,5/3/20,USA,Massachusetts,0.999951733,YES,0.999974599
MA_MGH_01196,5/3/20,USA,Massachusetts,0.999951676,YES,0.999974134
MA_MGH_00959,5/3/20,USA,Massachusetts,0.999951755,YES,0.99997461
MA_MGH_00958,5/3/20,USA,Massachusetts,0.999951714,YES,0.999974593
MA_MGH_00957,5/3/20,USA,Massachusetts,0.999951716,YES,0.999974593
MA_MGH_00945,5/3/20,USA,Europe,1,NO,1
MA_MGH_00976,5/3/20,USA,Massachusetts,0.999950386,YES,0.999973934
MA_MGH_01248,5/4/20,USA,Massachusetts,0.9999985,YES,0.999999325
MA_MGH_01195,5/4/20,USA,Massachusetts,0.999950384,YES,0.999973946
MA_MGH_01206,5/4/20,USA,Massachusetts,0.999951715,YES,0.999974593
MA_MGH_01227,5/4/20,USA,Massachusetts,0.999951756,YES,0.999974611
MA_MGH_01256,5/4/20,USA,Europe,0.307814237,NO,0.963931528
MA_MGH_01257,5/4/20,USA,Massachusetts,0.999951754,YES,0.999974598
MA_MGH_01207,5/4/20,USA,Massachusetts,0.999902461,YES,0.999496279
MA_MGH_01260,5/4/20,USA,Massachusetts,0.999950384,YES,0.999973946
MA_MGH_01235,5/4/20,USA,Massachusetts,0.999951755,YES,0.99997461
MA_MGH_01201,5/4/20,USA,Massachusetts,0.999951716,YES,0.999974593
MA_MGH_01194,5/4/20,USA,North America,0.960945357,NO,0.963925636
MA_MGH_01232,5/4/20,USA,Massachusetts,1,YES,1
MA_MGH_01325,5/5/20,USA,Massachusetts,0.999951757,YES,0.999974611
MA_MGH_00900,5/5/20,USA,Massachusetts,0.999999955,YES,0.999999983
MA_MGH_01328,5/5/20,USA,Massachusetts,0.999999955,YES,0.999999983
MA_MGH_01333,5/5/20,USA,Massachusetts,0.999999955,YES,0.999999983
MA_MGH_00893,5/5/20,USA,Massachusetts,0.999951797,YES,0.999974628
MA_MGH_01297,5/5/20,USA,Massachusetts,0.999951501,YES,0.999974111
MA_MGH_01319,5/5/20,USA,Massachusetts,0.999951715,YES,0.999974593
MA_MGH_01322,5/5/20,USA,Massachusetts,0.999951715,YES,0.999974593
MA_MGH_00896,5/5/20,USA,Massachusetts,0.976330374,YES,0.975365503
MA_MGH_01331,5/5/20,USA,Massachusetts,0.997944954,NO,0.999857303
MA_MGH_01343,5/5/20,USA,Massachusetts,0.999776512,YES,0.999344045
MA_MGH_01338,5/5/20,USA,Massachusetts,0.999946626,YES,0.99995768
MA_MGH_01344,5/5/20,USA,Massachusetts,0.999946626,YES,0.99995768
MA_MGH_01304,5/5/20,USA,Massachusetts,0.999953128,YES,0.999975275
MA_MGH_01471,5/6/20,USA,Massachusetts,0.999939869,YES,0.999958798
MA_MGH_01382,5/6/20,USA,Massachusetts,0.9999985,YES,0.999999325
MA_MGH_01368,5/6/20,USA,Massachusetts,0.97566742,YES,0.974721331
MA_MGH_01467,5/6/20,USA,North America,0.469902781,NO,0.963933689
MA_MGH_01405,5/6/20,USA,Massachusetts,0.970880907,YES,0.975400063
MA_MGH_01379,5/6/20,USA,Massachusetts,0.999953127,YES,0.999975275
MA_MGH_01381,5/6/20,USA,Massachusetts,0.999953127,YES,0.999975275
MA_MGH_01380,5/6/20,USA,Massachusetts,0.999951713,YES,0.999974592
MA_MGH_01367,5/6/20,USA,Massachusetts,0.999951716,YES,0.999974593
MA_MGH_01409,5/6/20,USA,Massachusetts,0.992306843,YES,0.977919034
MA_MGH_01397,5/6/20,USA,Massachusetts,0.765009983,NO,0.795000857
MA_MGH_01358,5/6/20,USA,Massachusetts,0.977183311,YES,0.795951499
MA_MGH_01365,5/6/20,USA,Massachusetts,0.998822732,YES,0.99681408
MA_MGH_01372,5/6/20,USA,Massachusetts,0.998822732,YES,0.99681408
MA_MGH_01407,5/6/20,USA,Massachusetts,0.998980293,YES,0.99928938
MA_MGH_01415,5/7/20,USA,Massachusetts,0.999999984,YES,0.999999988
MA_MGH_01494,5/7/20,USA,Massachusetts,0.999951715,YES,0.999974593
MA_MGH_01491,5/7/20,USA,Massachusetts,0.999923185,YES,0.999955395
MA_MGH_01501,5/7/20,USA,Massachusetts,0.999999952,YES,0.999999982
MA_MGH_01504,5/7/20,USA,Massachusetts,0.999951797,YES,0.999974628
MA_MGH_01502,5/7/20,USA,Massachusetts,0.999950184,YES,0.999973192
MA_MGH_01469,5/7/20,USA,Massachusetts,0.740872849,YES,0.669583838
MA_MGH_01522,5/7/20,USA,Massachusetts,0.999922747,YES,0.99995715
MA_MGH_01495,5/7/20,USA,Massachusetts,0.999951757,YES,0.999974611
MA_MGH_01580,5/8/20,USA,Massachusetts,0.999950343,YES,0.999973928
MA_MGH_01606,5/8/20,USA,Massachusetts,0.999350443,YES,0.999313543
MA_MGH_01623,5/9/20,USA,Massachusetts,0.999999955,YES,0.999999983
MA_MGH_01586,5/9/20,USA,Massachusetts,0.99995171,YES,0.999974443
MA_MGH_01592,5/9/20,USA,Europe,1,NO,1
MA_MGH_01593,5/9/20,USA,Massachusetts,0.325450434,NO,0.963871361
MA_MGH_01290,NA,USA,Massachusetts,0.999950385,YES,0.999973946